{
    "Сумма": 511341.93600000156,
    "Минимум": 60.019,
    "Максимум": 210.851,
    "Среднее": 119.80832614807909
}